<settings xmlns="http://maven.apache.org/SETTINGS/1.0.0"
  xmlns:xsi="http://www.w3.org/2001/XMLSchema-instance"
  xsi:schemaLocation="http://maven.apache.org/SETTINGS/1.0.0
                      http://maven.apache.org/xsd/settings-1.0.0.xsd">
  <proxies>
    <proxy>
      <id>companyProxy</id>
      <active>true</active>
      <protocol>http</protocol>
      <host>proxy.company.com</host>
      <port>8080</port>
      <username>proxyusername</username>
      <password>proxypassword</password>
      <nonProxyHosts />
    </proxy>
  </proxies>
 </settings>
