<?xml version="1.0" encoding="ISO-8859-1"?>

<project xmlns="http://maven.apache.org/DECORATION/1.6.0" xmlns:xsi="http://www.w3.org/2001/XMLSchema-instance"
  xsi:schemaLocation="http://maven.apache.org/DECORATION/1.6.0 http://maven.apache.org/xsd/decoration-1.6.0.xsd"
  name="Getting Started With Maven" >

	<bannerLeft>
        <name>Apress</name>
        <src>images/company.png</src>
        <href>http://apress.com</href>
    </bannerLeft>

  	<body>
	    <links>
	      <item name="Maven" href="http://maven.apache.org/"/>
	    </links>

	    <menu name="Project Information">
            <item name="Introduction" href="index.html"/>
            <item name="Plugin Management" href="plugin-management.html"/>
            <item name="Dependency Information" href="dependency-info.html"/>
            <item name="Source Repository" href="source-repository.html"/>
            <item name="Mailing Lists" href="mail-lists.html"/>
            <item name="Issue Tracking" href="issue-tracking.html"/>
            <item name="Continuous Integration" href="integration.html"/>
            <item name="Project Plugins" href="plugins.html"/>
            <item name="Project License" href="license.html"/>
            <item name="Project Team" href="team-list.html"/>
            <item name="Project Summary" href="project-summary.html"/>
            <item name="Dependencies" href="dependencies.html"/>
        </menu>

        <menu name="Reports">

        </menu>	

  	</body>
</project>
