<project xmlns="http://maven.apache.org/POM/4.0.0" xmlns:xsi="http://www.w3.org/2001/XMLSchema-instance"
  xsi:schemaLocation="http://maven.apache.org/POM/4.0.0 http://maven.apache.org/xsd/maven-4.0.0.xsd">
  <modelVersion>4.0.0</modelVersion>

  <groupId>com.apress.gswmbook</groupId>
  <artifactId>gswm</artifactId>
  <version>1.0.0-SNAPSHOT</version>
  <packaging>jar</packaging>

  <name>Getting Started with Maven</name>
  <url>http://apress.com</url>

  <description>
       This project acts as a starter project for the Introducing Maven book (http://www.apress.com/9781484208427) published by Apress. 
  </description>  

  <mailingLists>
    <mailingList>
      <name>GSWM Developer List</name>
      <subscribe>gswm-dev-subscribe@apress.com</subscribe>
      <unsubscribe>gswm-dev-unsubscribe@apress.com</unsubscribe>
      <post>developer@apress.com</post>
    </mailingList>
  </mailingLists>

  <licenses>
    <license>
      <name>Apache License, Version 2.0</name>
      <url>http://www.apache.org/licenses/LICENSE-2.0.txt</url>
    </license>
  </licenses>  

  <developers>
   <developer>
  <id>balaji</id>
  <name>Balaji Varanasi</name>
  <email>balaji@inflinx.com</email>
       <properties>
          <active>true</active>
       </properties>
   </developer>
   <developer>
      <id>sudha</id>
      <name>Sudha Belida</name>
      <email>sudha@inflinx.com</email>
      <properties>
          <active>true</active>
      </properties>
   </developer>
 </developers>
  <dependencies>
    <dependency>
      <groupId>junit</groupId>
      <artifactId>junit</artifactId>
      <version>4.11</version>
      <scope>test</scope>  
    </dependency>
  </dependencies>
  
  <build>
    
    <plugins>
      <plugin>
        <groupId>org.apache.maven.plugins</groupId>
          <artifactId>maven-compiler-plugin</artifactId>
          <version>3.1</version>
          <configuration>
            <source>1.6</source>
      <target>1.6</target>
          </configuration>
      </plugin>
    </plugins>
  
  </build>
  
</project>